Date,Open,High,Low,Close,Volume
2024-12-01 18:02:00,97259.0,97325.6,97259.0,97325.6,0.60902031
2024-12-01 18:03:00,97329.4,97329.4,97329.4,97329.4,0.00046674
2024-12-01 18:04:00,97329.3,97329.4,97329.3,97329.4,0.00270963
2024-12-01 18:05:00,97329.3,97329.3,97329.3,97329.3,0.00022795
2024-12-01 18:06:00,97329.3,97329.3,97329.3,97329.3,0.0006977
2024-12-01 18:07:00,97329.3,97329.4,97329.3,97329.4,0.00267429
2024-12-01 18:08:00,97329.4,97363.6,97329.4,97363.6,0.51915391
2024-12-01 18:09:00,97363.7,97380.0,97363.7,97379.9,0.00444913
2024-12-01 18:10:00,97379.9,97380.0,97379.9,97380.0,0.0104198
2024-12-01 18:11:00,97380.0,97396.9,97380.0,97383.8,0.04341112
2024-12-01 18:12:00,97383.8,97383.8,97380.0,97380.0,0.00946528
2024-12-01 18:13:00,97380.0,97380.0,97380.0,97380.0,0.0
2024-12-01 18:14:00,97396.9,97417.1,97396.9,97417.0,0.17944291
2024-12-01 18:15:00,97417.1,97435.9,97417.1,97435.8,0.07815118
2024-12-01 18:16:00,97435.9,97435.9,97435.8,97435.8,0.04783563
2024-12-01 18:17:00,97435.8,97435.8,97435.8,97435.8,0.00128289
2024-12-01 18:18:00,97435.8,97435.9,97435.8,97435.8,0.00288031
2024-12-01 18:19:00,97435.8,97435.9,97435.8,97435.9,0.00182403
2024-12-01 18:20:00,97435.8,97435.8,97435.8,97435.8,0.00554512
2024-12-01 18:21:00,97397.0,97397.0,97379.9,97379.9,0.02
2024-12-01 18:22:00,97380.0,97380.0,97380.0,97380.0,0.00073023
2024-12-01 18:23:00,97407.1,97407.1,97385.4,97403.2,0.00708786
2024-12-01 18:24:00,97403.2,97403.2,97403.2,97403.2,0.0
2024-12-01 18:25:00,97403.2,97403.2,97403.2,97403.2,0.0
2024-12-01 18:26:00,97405.4,97405.4,97396.6,97396.6,0.03544553
2024-12-01 18:27:00,97396.7,97429.1,97396.7,97429.1,0.18372193
2024-12-01 18:28:00,97429.1,97429.1,97429.1,97429.1,0.0
2024-12-01 18:29:00,97398.2,97398.2,97398.2,97398.2,0.00233752
2024-12-01 18:30:00,97398.2,97398.2,97398.2,97398.2,0.00020534
2024-12-01 18:31:00,97398.2,97398.2,97396.5,97396.5,0.00067193
2024-12-01 18:32:00,97399.2,97399.2,97351.6,97351.6,0.50389259
2024-12-01 18:33:00,97366.3,97366.3,97364.8,97364.8,0.29966633
2024-12-01 18:34:00,97352.4,97352.4,97352.4,97352.4,0.0020998
2024-12-01 18:35:00,97330.0,97330.0,97329.1,97329.2,0.00119492
2024-12-01 18:36:00,97329.2,97329.2,97316.7,97316.7,0.0208535
2024-12-01 18:37:00,97316.7,97316.7,97281.1,97281.1,0.01581839
2024-12-01 18:38:00,97303.9,97303.9,97276.4,97276.4,0.00162
2024-12-01 18:39:00,97276.3,97276.3,97258.9,97258.9,0.0136782
2024-12-01 18:40:00,97264.0,97264.0,97264.0,97264.0,0.00025704
2024-12-01 18:41:00,97262.4,97283.5,97262.4,97283.5,0.00734691
2024-12-01 18:42:00,97290.8,97290.8,97290.8,97290.8,0.00086
2024-12-01 18:43:00,97301.6,97301.6,97301.6,97301.6,0.00030831
2024-12-01 18:44:00,97301.6,97301.6,97289.7,97289.7,0.00071014
2024-12-01 18:45:00,97289.7,97289.7,97289.7,97289.7,0.0
2024-12-01 18:46:00,97276.3,97276.3,97263.0,97265.5,0.49430524
2024-12-01 18:47:00,97265.5,97265.5,97265.5,97265.5,0.0
2024-12-01 18:48:00,97259.0,97259.0,97258.9,97258.9,0.01902273
2024-12-01 18:49:00,97256.2,97256.5,97256.2,97256.5,0.00510899
2024-12-01 18:50:00,97256.5,97256.5,97256.5,97256.5,0.0
2024-12-01 18:51:00,97237.4,97237.4,97237.4,97237.4,0.00021596
2024-12-01 18:52:00,97237.5,97237.5,97237.5,97237.5,0.000232
2024-12-01 18:53:00,97237.5,97237.5,97184.3,97184.3,0.05028283
2024-12-01 18:54:00,97178.7,97178.7,97108.6,97108.6,0.11155359
2024-12-01 18:55:00,97105.0,97105.1,97105.0,97105.1,0.00013914
2024-12-01 18:56:00,97105.1,97105.1,97105.1,97105.1,0.000232
2024-12-01 18:57:00,97105.1,97105.1,97105.1,97105.1,0.0
2024-12-01 18:58:00,97105.1,97105.1,97105.1,97105.1,0.0
2024-12-01 18:59:00,97122.2,97122.2,97117.2,97117.3,0.01594217
2024-12-01 19:00:00,97117.3,97127.3,97109.6,97127.3,0.00077955
2024-12-01 19:01:00,97120.5,97120.5,97120.5,97120.5,0.15637817
2024-12-01 19:02:00,97120.5,97120.5,97120.5,97120.5,0.0
2024-12-01 19:03:00,97105.0,97105.0,97105.0,97105.0,0.00108974
2024-12-01 19:04:00,97158.1,97158.1,97144.8,97144.8,0.00214452
2024-12-01 19:05:00,97144.8,97144.8,97144.8,97144.8,0.0
2024-12-01 19:06:00,97144.8,97144.8,97144.8,97144.8,0.0
2024-12-01 19:07:00,97200.6,97303.7,97200.6,97284.4,0.05970385
2024-12-01 19:08:00,97251.6,97251.6,97251.6,97251.6,0.00032527
2024-12-01 19:09:00,97242.4,97242.4,97242.4,97242.4,0.00194906
2024-12-01 19:10:00,97221.8,97221.8,97207.4,97207.4,0.00420597
2024-12-01 19:11:00,97227.1,97227.1,97215.2,97218.3,0.00109429
2024-12-01 19:12:00,97190.9,97192.8,97190.9,97192.8,0.00506841
2024-12-01 19:13:00,97193.1,97193.1,97193.1,97193.1,0.005
2024-12-01 19:14:00,97188.9,97188.9,97188.9,97188.9,0.0100284
2024-12-01 19:15:00,97175.1,97175.1,97175.1,97175.1,0.01486232
2024-12-01 19:16:00,97188.7,97188.9,97188.7,97188.9,0.0057632
2024-12-01 19:17:00,97188.9,97207.1,97188.9,97207.1,0.01
2024-12-01 19:18:00,97205.6,97205.6,97205.6,97205.6,0.01
2024-12-01 19:19:00,97242.2,97248.8,97201.9,97201.9,0.08512341
2024-12-01 19:20:00,97188.8,97188.8,97188.8,97188.8,0.00016453
2024-12-01 19:21:00,97188.9,97188.9,97135.2,97135.2,0.0133555
2024-12-01 19:22:00,97135.1,97135.1,97075.7,97075.7,0.1833262
2024-12-01 19:23:00,97069.7,97070.2,97061.6,97061.6,0.12905252
2024-12-01 19:24:00,97051.0,97051.0,97051.0,97051.0,0.01
2024-12-01 19:25:00,97050.9,97050.9,97029.4,97029.4,0.004044
2024-12-01 19:26:00,97053.3,97057.3,97053.1,97057.3,0.0376156
2024-12-01 19:27:00,97057.3,97057.4,97057.3,97057.3,0.00157701
2024-12-01 19:28:00,97057.3,97057.3,97057.3,97057.3,0.62482036
2024-12-01 19:29:00,97057.3,97057.4,97057.3,97057.3,0.07493499
2024-12-01 19:30:00,97057.4,97057.4,97057.3,97057.3,0.00025758
2024-12-01 19:31:00,97057.3,97057.3,97057.3,97057.3,0.0
2024-12-01 19:32:00,97057.4,97057.4,97057.4,97057.4,0.00153366
2024-12-01 19:33:00,97057.4,97057.4,97057.4,97057.4,0.01014119
2024-12-01 19:34:00,97057.4,97126.0,97057.4,97126.0,0.08760291
2024-12-01 19:35:00,97122.6,97122.6,97122.6,97122.6,0.00020538
2024-12-01 19:36:00,97098.5,97099.7,97098.5,97099.7,0.00458165
2024-12-01 19:37:00,97099.7,97099.7,97099.7,97099.7,0.0
2024-12-01 19:38:00,97095.6,97095.6,97051.4,97053.4,0.00861241
2024-12-01 19:39:00,97053.9,97053.9,97053.9,97053.9,0.00051518
2024-12-01 19:40:00,97057.3,97074.8,97057.3,97074.8,0.00410958
2024-12-01 19:41:00,97075.3,97075.3,97075.3,97075.3,0.00046273
2024-12-01 19:42:00,97075.3,97075.3,97075.3,97075.3,0.0
2024-12-01 19:43:00,97060.9,97060.9,97024.8,97024.8,0.019
2024-12-01 19:44:00,97022.7,97022.7,97022.7,97022.7,0.05196334
2024-12-01 19:45:00,97016.8,97022.9,97016.8,97022.9,0.01269273
2024-12-01 19:46:00,97023.7,97031.8,97023.6,97031.7,0.04330819
2024-12-01 19:47:00,97036.1,97036.1,97036.1,97036.1,0.00209408
2024-12-01 19:48:00,97016.3,97016.3,97016.3,97016.3,0.00919607
2024-12-01 19:49:00,97009.5,97009.5,97000.0,97000.0,0.02315154
2024-12-01 19:50:00,97000.0,97000.0,97000.0,97000.0,0.0074362
2024-12-01 19:51:00,97015.3,97030.0,97015.2,97030.0,0.01339676
2024-12-01 19:52:00,97024.6,97024.6,97024.6,97024.6,0.00010501
2024-12-01 19:53:00,97024.6,97024.6,97024.6,97024.6,0.0
2024-12-01 19:54:00,97105.1,97105.1,97088.8,97088.8,0.03622878
2024-12-01 19:55:00,97091.5,97091.5,97091.5,97091.5,0.00098369
2024-12-01 19:56:00,97091.5,97091.5,97091.5,97091.5,0.0
2024-12-01 19:57:00,97102.2,97102.2,97102.1,97102.1,0.0048
2024-12-01 19:58:00,97157.8,97161.0,97157.8,97161.0,0.00031352
2024-12-01 19:59:00,97160.9,97160.9,97160.9,97160.9,0.00043535
2024-12-01 20:00:00,97161.0,97161.0,97160.9,97161.0,0.01160787
2024-12-01 20:01:00,97161.0,97161.0,97152.4,97152.4,0.00154247
2024-12-01 20:02:00,97125.5,97125.5,97116.0,97116.0,0.01000107
2024-12-01 20:03:00,97109.8,97109.8,97082.0,97082.0,0.03211834
2024-12-01 20:04:00,97050.0,97050.0,97013.7,97014.2,0.0058955
2024-12-01 20:05:00,97014.3,97014.3,97007.6,97007.7,0.00444825
2024-12-01 20:06:00,97007.7,97041.8,97007.7,97041.8,0.00396342
2024-12-01 20:07:00,97041.9,97041.9,97041.5,97041.5,0.00043096
2024-12-01 20:08:00,97000.1,97000.1,97000.0,97000.0,0.01489541
2024-12-01 20:09:00,97000.0,97000.1,97000.0,97000.1,0.07698313
2024-12-01 20:10:00,97000.0,97000.1,97000.0,97000.0,0.01671286
2024-12-01 20:11:00,97000.0,97000.0,96883.2,96889.5,0.90808071
2024-12-01 20:12:00,96889.5,96935.9,96889.4,96935.9,0.27681609
2024-12-01 20:13:00,96959.3,96971.6,96959.2,96971.6,0.00822593
2024-12-01 20:14:00,96971.0,96996.2,96971.0,96992.5,0.4266712
2024-12-01 20:15:00,96992.7,96992.7,96992.7,96992.7,0.003
2024-12-01 20:16:00,96992.7,96992.7,96992.7,96992.7,0.0
2024-12-01 20:17:00,96982.3,96984.9,96982.3,96984.9,0.07146402
2024-12-01 20:18:00,96984.9,96984.9,96984.9,96984.9,0.0
2024-12-01 20:19:00,96976.7,97023.9,96976.6,97023.9,0.03125123
2024-12-01 20:20:00,97037.4,97041.8,97022.4,97041.8,0.02220389
2024-12-01 20:21:00,97032.0,97032.1,97032.0,97032.1,0.07131885
2024-12-01 20:22:00,97005.6,97005.6,96953.8,96953.8,0.04010505
2024-12-01 20:23:00,96964.5,96964.5,96964.5,96964.5,0.00424641
2024-12-01 20:24:00,96964.6,96964.6,96964.6,96964.6,0.00217283
2024-12-01 20:25:00,96964.6,96964.6,96964.6,96964.6,0.0
2024-12-01 20:26:00,96929.0,96929.0,96929.0,96929.0,0.00022395
2024-12-01 20:27:00,96900.1,96900.1,96839.6,96839.6,0.03073075
2024-12-01 20:28:00,96839.6,96839.6,96839.6,96839.6,0.0
2024-12-01 20:29:00,96837.8,96837.8,96803.1,96816.3,0.00764375
2024-12-01 20:30:00,96821.1,96832.3,96821.1,96832.3,0.00237304
2024-12-01 20:31:00,96832.4,96832.4,96813.1,96826.8,0.0734934
2024-12-01 20:32:00,96797.1,96797.1,96795.9,96795.9,0.00694654
2024-12-01 20:33:00,96817.0,96817.1,96817.0,96817.1,0.00118942
2024-12-01 20:34:00,96881.5,96907.9,96881.5,96907.9,0.04516381
2024-12-01 20:35:00,96907.9,96907.9,96907.9,96907.9,0.0
2024-12-01 20:36:00,96904.2,96915.2,96904.2,96915.2,0.00435861
2024-12-01 20:37:00,96915.2,96915.2,96915.2,96915.2,0.0
2024-12-01 20:38:00,96974.9,96980.5,96974.9,96980.5,0.00107168
2024-12-01 20:39:00,96944.9,96944.9,96944.9,96944.9,0.00068153
2024-12-01 20:40:00,96922.6,96922.6,96908.7,96908.7,0.00965619
2024-12-01 20:41:00,96919.2,96927.1,96919.2,96927.1,0.84552961
2024-12-01 20:42:00,96927.1,96927.1,96927.1,96927.1,0.0
2024-12-01 20:43:00,96968.7,96968.7,96945.7,96945.7,0.00336331
2024-12-01 20:44:00,96916.0,96929.4,96915.6,96929.4,0.00285661
2024-12-01 20:45:00,96944.1,96978.4,96944.1,96974.3,0.00173632
2024-12-01 20:46:00,96948.7,96948.7,96938.9,96938.9,0.00168879
2024-12-01 20:47:00,96935.5,96941.1,96926.7,96926.7,0.9196476
2024-12-01 20:48:00,96941.3,96941.3,96941.3,96941.3,0.003
2024-12-01 20:49:00,96941.4,96941.4,96941.4,96941.4,0.00083001
2024-12-01 20:50:00,96981.2,96999.1,96981.2,96994.4,0.01532486
2024-12-01 20:51:00,96985.0,97017.7,96985.0,97013.1,0.07838564
2024-12-01 20:52:00,97009.2,97009.2,97008.1,97008.1,0.32133357
2024-12-01 20:53:00,97014.1,97033.4,97014.1,97033.4,0.14244184
2024-12-01 20:54:00,97033.4,97033.5,97033.4,97033.5,0.00073407
2024-12-01 20:55:00,97033.5,97033.5,97033.5,97033.5,0.00010735
2024-12-01 20:56:00,97041.9,97050.7,97041.9,97050.7,0.00862026
2024-12-01 20:57:00,97050.8,97050.8,97050.8,97050.8,0.00128652
2024-12-01 20:58:00,97050.8,97050.8,97050.8,97050.8,0.00021895
2024-12-01 20:59:00,97050.8,97050.9,97050.8,97050.9,0.10311382
2024-12-01 21:00:00,97095.4,97095.4,97062.3,97062.3,0.00032098
2024-12-01 21:01:00,97053.9,97053.9,97050.9,97050.9,0.00039081
2024-12-01 21:02:00,97050.9,97050.9,97050.9,97050.9,0.0
2024-12-01 21:03:00,97055.3,97055.3,97050.8,97050.8,0.00052851
2024-12-01 21:04:00,97095.4,97100.0,97095.4,97100.0,0.00185167
2024-12-01 21:05:00,97100.0,97161.0,97100.0,97161.0,0.10564672
2024-12-01 21:06:00,97161.0,97225.0,97161.0,97225.0,0.01236735
2024-12-01 21:07:00,97225.0,97225.0,97225.0,97225.0,0.01629828
2024-12-01 21:08:00,97224.9,97224.9,97224.9,97224.9,0.00335507
2024-12-01 21:09:00,97224.9,97224.9,97224.9,97224.9,0.0
2024-12-01 21:10:00,97224.9,97224.9,97224.9,97224.9,0.00605984
2024-12-01 21:11:00,97225.0,97225.0,97224.9,97224.9,0.00439319
2024-12-01 21:12:00,97225.0,97225.0,97225.0,97225.0,6.592e-05
2024-12-01 21:13:00,97224.9,97225.0,97224.9,97225.0,0.00243439
2024-12-01 21:14:00,97224.9,97224.9,97224.9,97224.9,0.11437837
2024-12-01 21:15:00,97224.9,97224.9,97224.9,97224.9,0.0005
2024-12-01 21:16:00,97224.9,97224.9,97224.9,97224.9,0.00107157
2024-12-01 21:17:00,97225.0,97225.0,97225.0,97225.0,0.00803908
2024-12-01 21:18:00,97225.0,97225.0,97224.9,97224.9,0.0056428
2024-12-01 21:19:00,97225.0,97225.0,97224.9,97225.0,0.25703094
2024-12-01 21:20:00,97225.0,97225.0,97225.0,97225.0,0.08208354
2024-12-01 21:21:00,97224.9,97225.0,97224.9,97225.0,0.02100986
2024-12-01 21:22:00,97225.0,97308.3,97224.9,97308.3,0.79356646
2024-12-01 21:23:00,97312.7,97312.7,97302.5,97304.3,0.03337678
2024-12-01 21:24:00,97308.1,97308.1,97308.1,97308.1,0.00120878
2024-12-01 21:25:00,97308.1,97308.1,97308.1,97308.1,0.0
2024-12-01 21:26:00,97299.1,97299.1,97299.1,97299.1,0.00020568
2024-12-01 21:27:00,97299.4,97299.4,97299.4,97299.4,0.01033357
2024-12-01 21:28:00,97317.9,97317.9,97317.9,97317.9,0.00020831
2024-12-01 21:29:00,97317.9,97317.9,97317.9,97317.9,0.0
2024-12-01 21:30:00,97281.9,97291.2,97281.9,97283.3,1.00325523
2024-12-01 21:31:00,97231.9,97231.9,97231.9,97231.9,0.00062877
2024-12-01 21:32:00,97268.5,97268.5,97268.5,97268.5,3.021e-05
2024-12-01 21:33:00,97261.7,97261.7,97261.6,97261.7,0.00203531
2024-12-01 21:34:00,97261.7,97261.7,97261.7,97261.7,0.0
2024-12-01 21:35:00,97261.6,97261.7,97261.6,97261.6,0.07825719
2024-12-01 21:36:00,97261.6,97261.6,97261.6,97261.6,0.00021308
2024-12-01 21:37:00,97261.7,97261.7,97261.6,97261.7,0.00797175
2024-12-01 21:38:00,97261.7,97261.7,97261.7,97261.7,0.0
2024-12-01 21:39:00,97261.7,97300.0,97261.7,97299.9,0.06682553
2024-12-01 21:40:00,97299.9,97300.0,97299.9,97299.9,0.0110569
2024-12-01 21:41:00,97300.0,97300.0,97299.9,97300.0,0.26721175
2024-12-01 21:42:00,97300.0,97380.0,97300.0,97379.9,0.0328742
2024-12-01 21:43:00,97380.0,97380.0,97380.0,97380.0,0.00100924
2024-12-01 21:44:00,97379.9,97380.0,97379.9,97380.0,0.04451514
2024-12-01 21:45:00,97380.0,97388.0,97380.0,97387.9,0.01454216
2024-12-01 21:46:00,97388.0,97452.7,97388.0,97444.6,0.03729145
2024-12-01 21:47:00,97441.5,97454.8,97441.5,97454.8,0.01549911
2024-12-01 21:48:00,97454.7,97454.7,97454.7,97454.7,0.00687354
2024-12-01 21:49:00,97454.7,97488.2,97454.7,97488.2,0.02269038
2024-12-01 21:50:00,97497.8,97696.2,97497.8,97696.1,0.63270548
2024-12-01 21:51:00,97670.8,97688.5,97627.0,97638.5,0.02876912
2024-12-01 21:52:00,97627.0,97627.0,97597.5,97607.1,0.22329463
2024-12-01 21:53:00,97607.8,97677.2,97607.8,97677.2,0.00096382
2024-12-01 21:54:00,97629.9,97629.9,97622.2,97626.2,0.00170687
2024-12-01 21:55:00,97622.0,97622.0,97603.5,97603.5,0.00497123
2024-12-01 21:56:00,97682.4,97682.4,97682.4,97682.4,0.00050176
2024-12-01 21:57:00,97674.8,97674.8,97674.8,97674.8,0.00548305
2024-12-01 21:58:00,97674.6,97719.5,97674.6,97719.5,0.02559521
2024-12-01 21:59:00,97719.5,97719.5,97719.5,97719.5,0.0
2024-12-01 22:00:00,97721.0,97727.2,97721.0,97727.2,0.01139638
2024-12-01 22:01:00,97727.2,97727.2,97727.2,97727.2,0.0
2024-12-01 22:02:00,97719.5,97719.5,97696.1,97696.2,1.00110652
2024-12-01 22:03:00,97696.2,97696.2,97696.2,97696.2,0.0
2024-12-01 22:04:00,97719.4,97719.4,97710.7,97710.7,0.18227009
2024-12-01 22:05:00,97698.2,97698.2,97683.4,97683.4,0.00221058
2024-12-01 22:06:00,97719.5,97719.5,97690.4,97690.4,0.00067387
2024-12-01 22:07:00,97647.6,97647.6,97600.9,97601.5,0.07930331
2024-12-01 22:08:00,97636.8,97636.8,97624.4,97624.4,0.0030985
2024-12-01 22:09:00,97617.5,97644.7,97617.5,97644.7,0.00272168
2024-12-01 22:10:00,97600.0,97613.4,97600.0,97613.4,0.01247419
2024-12-01 22:11:00,97609.3,97609.3,97591.2,97591.2,0.05282392
2024-12-01 22:12:00,97598.8,97598.8,97567.2,97571.0,2.15840703
2024-12-01 22:13:00,97551.4,97551.4,97500.1,97500.1,0.03992998
2024-12-01 22:14:00,97506.4,97506.4,97500.2,97500.2,0.0046871
2024-12-01 22:15:00,97500.0,97500.0,97404.7,97404.7,0.03953566
2024-12-01 22:16:00,97405.2,97405.2,97368.7,97391.4,0.00331529
2024-12-01 22:17:00,97391.4,97391.4,97391.4,97391.4,0.0
2024-12-01 22:18:00,97437.7,97444.5,97437.7,97444.5,0.03915886
2024-12-01 22:19:00,97496.6,97510.7,97490.9,97493.0,0.04954937
2024-12-01 22:20:00,97493.0,97493.0,97493.0,97493.0,0.0
2024-12-01 22:21:00,97574.4,97574.4,97544.2,97544.2,0.06085231
2024-12-01 22:22:00,97508.5,97508.5,97508.5,97508.5,0.00041927
2024-12-01 22:23:00,97508.5,97508.5,97508.5,97508.5,0.0
2024-12-01 22:24:00,97451.0,97451.0,97450.9,97450.9,0.00120459
2024-12-01 22:25:00,97456.2,97456.6,97456.2,97456.6,0.0041164
2024-12-01 22:26:00,97417.0,97417.0,97387.4,97387.4,0.01222523
2024-12-01 22:27:00,97387.9,97387.9,97387.9,97387.9,0.001
2024-12-01 22:28:00,97382.1,97382.1,97382.1,97382.1,0.00440789
2024-12-01 22:29:00,97385.2,97385.4,97371.5,97385.4,0.00435046
2024-12-01 22:30:00,97373.7,97373.7,97373.6,97373.7,0.00852131
2024-12-01 22:31:00,97373.6,97373.6,97373.6,97373.6,0.00167658
2024-12-01 22:32:00,97373.7,97425.2,97373.6,97425.2,0.01094464
2024-12-01 22:33:00,97500.0,97516.7,97500.0,97516.7,0.00898939
2024-12-01 22:34:00,97502.0,97502.0,97496.8,97496.8,0.0101128
2024-12-01 22:35:00,97392.1,97412.9,97392.1,97412.9,0.01012763
2024-12-01 22:36:00,97514.2,97514.2,97514.2,97514.2,5.004e-05
2024-12-01 22:37:00,97433.2,97434.8,97433.2,97434.8,0.00109905
2024-12-01 22:38:00,97435.2,97488.9,97435.2,97488.9,0.00144898
2024-12-01 22:39:00,97468.2,97468.2,97468.2,97468.2,0.00611411
2024-12-01 22:40:00,97468.2,97468.2,97468.2,97468.2,0.0
2024-12-01 22:41:00,97451.4,97451.4,97451.4,97451.4,0.008661
2024-12-01 22:42:00,97468.2,97468.2,97468.2,97468.2,0.00021
2024-12-01 22:43:00,97468.2,97487.9,97468.2,97469.2,0.00262396
2024-12-01 22:44:00,97469.2,97469.2,97469.2,97469.2,0.01666053
2024-12-01 22:45:00,97444.1,97444.1,97444.1,97444.1,0.00029006
2024-12-01 22:46:00,97468.2,97508.2,97468.2,97508.2,0.0130223
2024-12-01 22:47:00,97558.0,97629.5,97558.0,97629.5,0.02164457
2024-12-01 22:48:00,97636.1,97652.2,97636.1,97652.2,0.00102511
2024-12-01 22:49:00,97617.2,97617.2,97617.2,97617.2,0.00014796
2024-12-01 22:50:00,97604.5,97604.7,97604.5,97604.7,0.00171589
2024-12-01 22:51:00,97604.8,97604.8,97604.8,97604.8,0.00103801
2024-12-01 22:52:00,97602.3,97602.3,97602.2,97602.2,0.00092435
2024-12-01 22:53:00,97588.9,97588.9,97588.9,97588.9,0.00185841
2024-12-01 22:54:00,97544.9,97544.9,97530.9,97530.9,0.02604193
2024-12-01 22:55:00,97519.0,97519.0,97516.6,97516.6,0.00286443
2024-12-01 22:56:00,97516.6,97516.6,97516.6,97516.6,0.0
2024-12-01 22:57:00,97516.6,97516.6,97516.6,97516.6,0.0
2024-12-01 22:58:00,97516.6,97516.6,97516.6,97516.6,0.0
2024-12-01 22:59:00,97516.6,97516.6,97516.6,97516.6,0.0
2024-12-01 23:00:00,97568.5,97603.3,97546.8,97603.3,0.01783811
2024-12-01 23:01:00,97603.3,97603.3,97603.3,97603.3,0.0
2024-12-01 23:02:00,97541.9,97541.9,97532.9,97532.9,0.01533902
2024-12-01 23:03:00,97632.6,97694.3,97632.6,97694.3,0.01423936
2024-12-01 23:04:00,97718.4,97718.4,97710.5,97710.5,0.001927
2024-12-01 23:05:00,97710.5,97710.5,97710.5,97710.5,0.0
2024-12-01 23:06:00,97713.1,97713.1,97700.4,97709.9,0.00992746
2024-12-01 23:07:00,97709.9,97709.9,97709.9,97709.9,0.0
2024-12-01 23:08:00,97705.7,97705.7,97705.7,97705.7,0.000557
2024-12-01 23:09:00,97705.7,97705.7,97705.7,97705.7,0.0
2024-12-01 23:10:00,97705.7,97705.7,97705.7,97705.7,0.0
2024-12-01 23:11:00,97730.8,97730.8,97730.8,97730.8,0.00139798
2024-12-01 23:12:00,97713.5,97713.5,97674.3,97674.3,0.07807329
2024-12-01 23:13:00,97683.7,97684.4,97655.7,97655.7,0.11924882
2024-12-01 23:14:00,97642.0,97642.0,97591.6,97617.9,0.00722087
2024-12-01 23:15:00,97584.5,97584.5,97533.9,97533.9,0.05185964
2024-12-01 23:16:00,97533.9,97533.9,97533.9,97533.9,0.0
2024-12-01 23:17:00,97466.0,97466.0,97466.0,97466.0,0.000167
2024-12-01 23:18:00,97465.9,97465.9,97433.2,97433.2,0.01357162
2024-12-01 23:19:00,97415.4,97422.8,97415.4,97422.8,0.01071155
2024-12-01 23:20:00,97422.7,97470.4,97422.7,97470.4,0.00584533
2024-12-01 23:21:00,97474.2,97480.8,97474.0,97480.8,0.00651935
2024-12-01 23:22:00,97480.8,97480.8,97480.8,97480.8,0.0
2024-12-01 23:23:00,97599.6,97646.8,97599.6,97646.8,0.01160261
2024-12-01 23:24:00,97646.9,97657.4,97646.9,97657.4,0.00020426
2024-12-01 23:25:00,97646.8,97648.8,97646.8,97648.8,0.00041709
2024-12-01 23:26:00,97652.7,97652.8,97651.0,97651.0,0.00692016
2024-12-01 23:27:00,97647.1,97647.1,97641.0,97641.0,0.01182558
2024-12-01 23:28:00,97656.3,97656.3,97656.3,97656.3,0.00023869
2024-12-01 23:29:00,97659.1,97682.3,97604.5,97604.5,0.00531908
2024-12-01 23:30:00,97607.0,97617.6,97604.7,97617.6,0.05158418
2024-12-01 23:31:00,97571.2,97571.3,97571.2,97571.3,0.00032348
2024-12-01 23:32:00,97571.3,97571.3,97447.8,97447.9,1.53680807
2024-12-01 23:33:00,97477.1,97477.1,97477.1,97477.1,0.01421865
2024-12-01 23:34:00,97450.9,97450.9,97450.9,97450.9,7.902e-05
2024-12-01 23:35:00,97447.9,97486.8,97447.8,97486.8,0.00564433
2024-12-01 23:36:00,97500.0,97500.0,97500.0,97500.0,0.12833457
2024-12-01 23:37:00,97500.0,97531.6,97500.0,97531.6,0.00037634
2024-12-01 23:38:00,97544.5,97576.2,97544.5,97572.5,0.04521451
2024-12-01 23:39:00,97493.6,97493.6,97493.6,97493.6,0.00154661
2024-12-01 23:40:00,97450.2,97450.2,97450.2,97450.2,0.00033035
2024-12-01 23:41:00,97447.8,97447.8,97447.8,97447.8,0.01166025
2024-12-01 23:42:00,97447.8,97447.8,97323.8,97323.8,0.21948076
2024-12-01 23:43:00,97365.9,97392.5,97365.9,97392.5,0.00255683
2024-12-01 23:44:00,97371.3,97371.3,97325.6,97325.6,0.00326572
2024-12-01 23:45:00,97312.2,97312.2,97312.2,97312.2,0.00487712
2024-12-01 23:46:00,97312.3,97349.4,97312.2,97349.4,0.00730511
2024-12-01 23:47:00,97349.5,97399.9,97349.5,97384.3,0.16994543
2024-12-01 23:48:00,97367.5,97367.5,97300.0,97300.0,0.003679
2024-12-01 23:49:00,97299.9,97299.9,97299.9,97299.9,0.00145019
2024-12-01 23:50:00,97299.9,97300.0,97299.9,97300.0,0.00809308
2024-12-01 23:51:00,97299.9,97299.9,97299.9,97299.9,0.00170737
2024-12-01 23:52:00,97299.9,97299.9,97299.9,97299.9,0.02325036
2024-12-01 23:53:00,97299.9,97299.9,97299.9,97299.9,0.0
2024-12-01 23:54:00,97226.3,97226.3,97226.3,97226.3,0.00128928
2024-12-01 23:55:00,97261.1,97264.2,97261.1,97264.2,0.01733557
2024-12-01 23:56:00,97225.1,97225.1,97225.1,97225.1,0.00785885
2024-12-01 23:57:00,97225.1,97225.1,97203.5,97203.5,0.00702634
2024-12-01 23:58:00,97186.7,97191.2,97183.8,97191.2,0.03176104
2024-12-01 23:59:00,97175.5,97175.5,97175.5,97175.5,0.000202
2024-12-02 00:00:00,97184.1,97212.9,97174.2,97212.9,0.031739
2024-12-02 00:01:00,97211.3,97211.3,97211.3,97211.3,0.00580848
2024-12-02 00:02:00,97238.2,97238.2,97151.3,97151.3,0.02994867
2024-12-02 00:03:00,97115.0,97119.2,97096.6,97119.2,0.60005815
2024-12-02 00:04:00,97191.0,97191.0,97188.2,97188.2,0.0006775
2024-12-02 00:05:00,97142.3,97142.3,97142.3,97142.3,0.00018581
2024-12-02 00:06:00,97257.4,97257.4,97257.4,97257.4,0.00020531
2024-12-02 00:07:00,97207.3,97207.3,97125.6,97140.8,0.26003664
2024-12-02 00:08:00,97119.2,97119.2,97071.8,97071.8,0.01519778
2024-12-02 00:09:00,97093.4,97093.4,97093.4,97093.4,0.00205312
2024-12-02 00:10:00,97093.4,97093.4,97093.4,97093.4,0.0
2024-12-02 00:11:00,97081.0,97156.7,97079.1,97156.7,0.06635816
2024-12-02 00:12:00,97156.7,97156.7,97156.7,97156.7,0.0
2024-12-02 00:13:00,97156.7,97156.7,97156.7,97156.7,0.0
2024-12-02 00:14:00,97219.1,97233.0,97186.5,97233.0,0.03350634
2024-12-02 00:15:00,97211.3,97232.5,97211.3,97232.5,0.00030034
2024-12-02 00:16:00,97192.5,97213.2,97184.6,97184.6,0.00549633
2024-12-02 00:17:00,97196.5,97251.4,97196.5,97202.4,0.01284127
2024-12-02 00:18:00,97206.9,97218.9,97190.3,97192.2,0.00851397
2024-12-02 00:19:00,97191.7,97191.7,97187.2,97187.2,0.00533419
2024-12-02 00:20:00,97215.1,97215.1,97215.1,97215.1,0.0002
2024-12-02 00:21:00,97220.9,97221.1,97220.8,97221.1,0.0162736
2024-12-02 00:22:00,97187.1,97222.4,97187.1,97222.4,0.0009829
2024-12-02 00:23:00,97202.2,97222.4,97202.2,97222.3,0.00244
2024-12-02 00:24:00,97276.6,97308.2,97276.6,97305.6,0.16741125
2024-12-02 00:25:00,97304.2,97304.2,97271.0,97286.4,0.05652937
2024-12-02 00:26:00,97261.5,97265.2,97261.5,97265.2,0.00088935
2024-12-02 00:27:00,97261.2,97261.2,97240.0,97249.1,0.00131847
2024-12-02 00:28:00,97218.1,97234.1,97216.8,97234.1,0.00085225
2024-12-02 00:29:00,97290.6,97304.1,97283.1,97283.1,0.00140791
2024-12-02 00:30:00,97244.1,97301.7,97214.9,97301.7,0.00149924
2024-12-02 00:31:00,97304.2,97364.5,97304.2,97364.5,0.00143426
2024-12-02 00:32:00,97364.6,97435.0,97364.6,97435.0,0.00518713
2024-12-02 00:33:00,97435.9,97517.1,97435.8,97517.1,0.00299665
2024-12-02 00:34:00,97517.1,97517.1,97517.1,97517.1,0.0002
2024-12-02 00:35:00,97510.2,97510.2,97451.6,97451.6,0.00146339
2024-12-02 00:36:00,97392.7,97433.9,97392.7,97433.9,0.00045
2024-12-02 00:37:00,97433.9,97488.9,97433.9,97438.2,0.00585
2024-12-02 00:38:00,97476.5,97493.1,97476.5,97493.1,0.00624721
2024-12-02 00:39:00,97572.4,97572.4,97556.2,97556.2,0.00667354
2024-12-02 00:40:00,97544.6,97544.6,97504.6,97535.9,0.01112684
2024-12-02 00:41:00,97505.4,97505.4,97505.4,97505.4,0.0002
2024-12-02 00:42:00,97505.3,97572.3,97476.7,97476.7,0.05411586
2024-12-02 00:43:00,97465.1,97465.9,97464.9,97465.8,0.0620391
2024-12-02 00:44:00,97509.3,97517.1,97509.3,97517.0,0.04474774
2024-12-02 00:45:00,97517.0,97517.0,97502.3,97502.3,0.0160589
2024-12-02 00:46:00,97496.2,97496.3,97496.2,97496.3,0.00257958
2024-12-02 00:47:00,97496.2,97496.2,97496.1,97496.2,0.00362336
2024-12-02 00:48:00,97429.3,97429.3,97427.8,97427.8,0.00158694
2024-12-02 00:49:00,97427.7,97427.7,97388.6,97388.6,0.0007803
2024-12-02 00:50:00,97296.3,97317.8,97296.3,97313.0,0.01060353
2024-12-02 00:51:00,97260.7,97315.1,97259.5,97310.1,0.02122747
2024-12-02 00:52:00,97318.2,97318.2,97292.8,97292.8,0.00039133
2024-12-02 00:53:00,97340.5,97340.5,97337.6,97337.6,0.00060509
2024-12-02 00:54:00,97295.0,97295.0,97270.1,97281.1,0.00305565
2024-12-02 00:55:00,97281.1,97281.1,97281.1,97281.1,0.0
2024-12-02 00:56:00,97292.5,97457.9,97292.4,97448.5,0.00221115
2024-12-02 00:57:00,97438.3,97462.2,97438.3,97457.9,0.0012456
2024-12-02 00:58:00,97462.2,97493.8,97462.2,97493.8,0.00090769
2024-12-02 00:59:00,97488.4,97488.4,97448.6,97448.6,0.15343059
2024-12-02 01:00:00,97448.6,97448.6,97424.6,97425.7,0.00173834
2024-12-02 01:01:00,97460.9,97461.0,97460.8,97461.0,0.01499273
2024-12-02 01:02:00,97430.3,97449.5,97393.7,97449.5,0.09546892
2024-12-02 01:03:00,97443.9,97443.9,97419.8,97423.1,0.01451963
2024-12-02 01:04:00,97461.0,97461.0,97461.0,97461.0,0.0004
2024-12-02 01:05:00,97461.0,97517.1,97461.0,97517.1,0.00361272
2024-12-02 01:06:00,97517.1,97517.1,97517.0,97517.0,0.00048931
2024-12-02 01:07:00,97442.7,97442.7,97404.0,97404.0,0.01831285
2024-12-02 01:08:00,97453.0,97509.7,97453.0,97509.7,0.00847952
2024-12-02 01:09:00,97493.5,97493.5,97493.5,97493.5,0.0002
2024-12-02 01:10:00,97485.2,97485.2,97479.6,97481.4,0.0693584
2024-12-02 01:11:00,97509.2,97509.2,97490.3,97490.3,0.00059972
2024-12-02 01:12:00,97479.6,97479.6,97479.6,97479.6,0.00576825
2024-12-02 01:13:00,97479.6,97479.6,97479.6,97479.6,0.0002
2024-12-02 01:14:00,97479.6,97479.6,97479.6,97479.6,0.0004
2024-12-02 01:15:00,97479.6,97576.7,97479.5,97576.7,0.03021707
2024-12-02 01:16:00,97567.5,97567.5,97567.5,97567.5,0.0002
2024-12-02 01:17:00,97557.0,97557.0,97541.2,97547.8,0.01084065
2024-12-02 01:18:00,97554.5,97554.5,97516.4,97516.4,0.0004
2024-12-02 01:19:00,97552.5,97563.1,97552.3,97563.1,0.00114569
2024-12-02 01:20:00,97577.8,97635.1,97577.8,97635.1,0.00067616
2024-12-02 01:21:00,97643.4,97799.9,97643.4,97799.9,0.17223192
2024-12-02 01:22:00,97799.9,97799.9,97784.9,97786.2,0.01992972
2024-12-02 01:23:00,97782.0,97782.0,97782.0,97782.0,0.0002
2024-12-02 01:24:00,97799.8,97887.0,97799.8,97861.3,3.9976243
2024-12-02 01:25:00,97861.3,97861.3,97840.8,97840.8,0.02641271
2024-12-02 01:26:00,97861.3,97970.5,97861.3,97970.5,0.24558902
2024-12-02 01:27:00,97970.5,97972.4,97970.5,97972.3,0.02268031
2024-12-02 01:28:00,97972.4,97994.9,97923.7,97952.3,0.10955187
2024-12-02 01:29:00,97963.3,97994.8,97963.3,97994.8,0.0004
2024-12-02 01:30:00,97994.8,98019.5,97994.8,98019.5,2.37716492
2024-12-02 01:31:00,98028.0,98049.1,98019.7,98019.8,0.01023338
2024-12-02 01:32:00,98019.5,98019.5,97937.6,97937.6,0.05771687
2024-12-02 01:33:00,97937.6,97937.6,97937.5,97937.5,0.02774486
2024-12-02 01:34:00,97937.5,97937.5,97785.6,97801.7,0.0218944
2024-12-02 01:35:00,97760.9,97761.2,97679.6,97695.3,0.03942809
2024-12-02 01:36:00,97680.6,97762.9,97680.6,97762.9,0.02352933
2024-12-02 01:37:00,97725.1,97855.1,97725.1,97855.1,0.1002
2024-12-02 01:38:00,97855.2,97855.2,97819.6,97819.6,0.0004
2024-12-02 01:39:00,97818.5,97905.0,97818.5,97905.0,0.0004
2024-12-02 01:40:00,97857.1,97875.4,97764.2,97764.2,0.01256109
2024-12-02 01:41:00,97798.6,97802.1,97769.7,97769.7,0.00498146
2024-12-02 01:42:00,97733.8,97776.8,97733.8,97776.8,0.01093193
2024-12-02 01:43:00,97776.8,97776.8,97776.8,97776.8,0.0
2024-12-02 01:44:00,97776.8,97776.8,97776.8,97776.8,0.0
2024-12-02 01:45:00,97731.3,97731.3,97645.7,97645.7,0.34563586
2024-12-02 01:46:00,97611.2,97671.8,97611.2,97671.8,0.00981994
2024-12-02 01:47:00,97727.1,97746.7,97727.1,97746.7,0.00034631
2024-12-02 01:48:00,97773.6,97778.6,97773.6,97778.6,0.0102
2024-12-02 01:49:00,97782.2,97792.0,97782.2,97792.0,0.0004
2024-12-02 01:50:00,97839.7,97853.1,97802.1,97802.1,1.07383788
2024-12-02 01:51:00,97782.9,97782.9,97782.9,97782.9,0.0002
2024-12-02 01:52:00,97810.1,97891.1,97810.1,97891.1,0.00378666
2024-12-02 01:53:00,97895.3,97915.9,97895.3,97915.9,0.00435663
2024-12-02 01:54:00,97902.6,97908.5,97902.6,97908.5,0.00221329
2024-12-02 01:55:00,97908.6,97908.6,97908.3,97908.3,0.0235999
2024-12-02 01:56:00,97930.8,97933.2,97918.3,97918.3,0.01032899
2024-12-02 01:57:00,97937.6,97937.6,97937.6,97937.6,0.16120854
2024-12-02 01:58:00,97937.6,97937.6,97937.5,97937.5,0.0315302
2024-12-02 01:59:00,97937.6,97937.6,97937.6,97937.6,0.30643639
2024-12-02 02:00:00,97937.6,98078.6,97937.5,98022.7,1.12018981
2024-12-02 02:01:00,97971.6,97971.6,97958.0,97958.1,0.24863156
2024-12-02 02:02:00,97926.3,97928.0,97926.3,97928.0,0.00202688
2024-12-02 02:03:00,97872.7,97872.7,97843.8,97853.6,0.01268482
2024-12-02 02:04:00,97855.5,97855.5,97838.5,97841.2,1.44351632
2024-12-02 02:05:00,97830.7,97830.7,97800.7,97804.8,0.05642166
2024-12-02 02:06:00,97801.0,97801.0,97754.3,97754.3,0.0004
2024-12-02 02:07:00,97793.1,97796.9,97787.4,97792.2,0.00072625
2024-12-02 02:08:00,97846.6,97846.6,97816.7,97816.7,0.01128686
2024-12-02 02:09:00,97796.2,97796.3,97754.3,97754.3,0.01290725
2024-12-02 02:10:00,97754.3,97754.3,97754.3,97754.3,0.0
2024-12-02 02:11:00,97754.2,97754.2,97685.7,97724.7,0.00107237
2024-12-02 02:12:00,97729.9,97739.6,97729.9,97739.6,0.00389941
2024-12-02 02:13:00,97744.4,97790.7,97744.4,97790.6,0.25355371
2024-12-02 02:14:00,97814.9,97814.9,97814.9,97814.9,0.0002
2024-12-02 02:15:00,97810.4,97810.4,97690.1,97690.1,0.00080529
2024-12-02 02:16:00,97604.6,97631.1,97604.6,97631.1,0.00099125
2024-12-02 02:17:00,97673.9,97673.9,97577.9,97577.9,0.11777918
2024-12-02 02:18:00,97641.4,97641.4,97641.4,97641.4,2e-05
2024-12-02 02:19:00,97655.7,97655.7,97540.2,97540.6,0.31653076
2024-12-02 02:20:00,97542.0,97542.0,97540.0,97540.0,0.02346234
2024-12-02 02:21:00,97540.0,97540.4,97540.0,97540.3,0.01445136
2024-12-02 02:22:00,97608.7,97608.7,97608.7,97608.7,0.00053797
2024-12-02 02:23:00,97608.7,97608.7,97608.7,97608.7,0.0
2024-12-02 02:24:00,97613.2,97640.3,97593.5,97608.1,0.00943621
2024-12-02 02:25:00,97627.8,97683.0,97627.7,97683.0,0.07850828
2024-12-02 02:26:00,97683.0,97683.0,97683.0,97683.0,0.0
2024-12-02 02:27:00,97687.7,97704.8,97676.3,97676.3,0.01034571
2024-12-02 02:28:00,97665.5,97678.3,97665.5,97678.3,0.0004
2024-12-02 02:29:00,97662.8,97682.5,97662.8,97682.5,0.00607489
2024-12-02 02:30:00,97682.5,97682.5,97654.5,97654.5,0.00040474
2024-12-02 02:31:00,97625.9,97625.9,97600.8,97600.8,0.00106732
2024-12-02 02:32:00,97602.3,97602.3,97602.3,97602.3,0.0004
2024-12-02 02:33:00,97602.3,97602.3,97602.3,97602.3,0.0002
2024-12-02 02:34:00,97582.0,97582.0,97552.8,97561.7,0.14467147
2024-12-02 02:35:00,97558.8,97564.0,97537.4,97537.4,0.00507968
2024-12-02 02:36:00,97537.4,97541.2,97510.1,97521.5,0.60842881
2024-12-02 02:37:00,97530.0,97530.0,97524.8,97524.8,0.00193211
2024-12-02 02:38:00,97510.3,97510.3,97510.3,97510.3,0.0002
2024-12-02 02:39:00,97510.0,97510.1,97510.0,97510.1,0.00290358
2024-12-02 02:40:00,97527.9,97527.9,97527.9,97527.9,0.0002
2024-12-02 02:41:00,97520.0,97520.0,97510.1,97511.9,0.1281041
2024-12-02 02:42:00,97510.0,97510.0,97510.0,97510.0,0.004
2024-12-02 02:43:00,97541.0,97541.0,97526.0,97540.0,0.04401438
2024-12-02 02:44:00,97516.1,97516.1,97510.1,97510.1,0.01160004
2024-12-02 02:45:00,97510.0,97510.0,97510.0,97510.0,0.00481388
2024-12-02 02:46:00,97510.0,97510.0,97510.0,97510.0,0.01468677
2024-12-02 02:47:00,97545.1,97545.1,97545.1,97545.1,0.00102486
2024-12-02 02:48:00,97539.6,97539.6,97510.0,97510.0,0.00288516
2024-12-02 02:49:00,97553.4,97565.1,97553.4,97565.1,0.03313737
2024-12-02 02:50:00,97565.1,97565.1,97565.1,97565.1,0.0
2024-12-02 02:51:00,97556.9,97557.0,97556.9,97557.0,0.01056042
2024-12-02 02:52:00,97561.3,97561.3,97561.3,97561.3,7.125e-05
2024-12-02 02:53:00,97568.3,97568.4,97568.3,97568.4,0.00179545
2024-12-02 02:54:00,97568.4,97568.4,97568.4,97568.4,0.0
2024-12-02 02:55:00,97602.3,97602.3,97602.3,97602.3,0.0001
2024-12-02 02:56:00,97559.0,97559.0,97558.9,97558.9,0.00416054
2024-12-02 02:57:00,97578.6,97578.6,97578.6,97578.6,0.00034473
2024-12-02 02:58:00,97602.3,97602.3,97602.2,97602.2,0.00041715
2024-12-02 02:59:00,97602.3,97602.3,97602.2,97602.3,0.00061715
2024-12-02 03:00:00,97602.3,97618.8,97602.3,97618.8,0.04480045
2024-12-02 03:01:00,97628.8,97650.8,97628.8,97650.8,0.00467618
2024-12-02 03:02:00,97606.2,97606.2,97606.2,97606.2,0.00166855
2024-12-02 03:03:00,97559.0,97559.0,97510.1,97510.1,0.00286369
2024-12-02 03:04:00,97510.0,97510.0,97510.0,97510.0,0.03793634
2024-12-02 03:05:00,97510.1,97510.1,97427.6,97456.7,0.17107487
2024-12-02 03:06:00,97463.2,97488.6,97430.5,97448.0,0.027349
2024-12-02 03:07:00,97433.6,97449.1,97433.6,97449.1,0.00048195
2024-12-02 03:08:00,97407.3,97407.3,97407.3,97407.3,0.0002
2024-12-02 03:09:00,97434.1,97434.1,97430.3,97430.3,0.00098873
2024-12-02 03:10:00,97421.3,97421.3,97370.5,97395.2,1.61297393
2024-12-02 03:11:00,97405.0,97437.0,97405.0,97437.0,0.0419979
2024-12-02 03:12:00,97437.8,97437.8,97437.8,97437.8,0.01
2024-12-02 03:13:00,97450.0,97450.0,97450.0,97450.0,0.0002
2024-12-02 03:14:00,97450.0,97502.0,97450.0,97502.0,0.10535269
2024-12-02 03:15:00,97577.8,97577.9,97557.8,97557.8,0.00735202
2024-12-02 03:16:00,97563.5,97574.0,97557.7,97574.0,0.00451018
2024-12-02 03:17:00,97553.5,97613.0,97553.5,97613.0,0.0004
2024-12-02 03:18:00,97562.5,97567.8,97562.5,97567.8,0.00062435
2024-12-02 03:19:00,97598.2,97618.2,97578.6,97578.6,0.42740283
2024-12-02 03:20:00,97571.4,97571.4,97571.4,97571.4,0.0002
2024-12-02 03:21:00,97617.5,97617.5,97602.7,97602.7,0.00034974
2024-12-02 03:22:00,97579.3,97579.3,97579.3,97579.3,0.02124416
2024-12-02 03:23:00,97568.2,97591.1,97549.2,97591.1,0.00804121
2024-12-02 03:24:00,97573.0,97573.0,97573.0,97573.0,0.00070878
2024-12-02 03:25:00,97530.8,97559.2,97530.8,97546.4,0.10425084
2024-12-02 03:26:00,97532.6,97541.9,97521.3,97541.9,0.00137894
2024-12-02 03:27:00,97497.7,97504.3,97497.6,97504.3,0.03071303
2024-12-02 03:28:00,97489.3,97489.3,97478.8,97478.8,0.035247
2024-12-02 03:29:00,97460.4,97477.1,97450.1,97461.1,0.10495621
2024-12-02 03:30:00,97475.7,97475.7,97475.6,97475.6,0.00036917
2024-12-02 03:31:00,97475.7,97475.7,97402.2,97402.2,0.00212329
2024-12-02 03:32:00,97401.9,97401.9,97331.8,97331.8,0.00029316
2024-12-02 03:33:00,97331.8,97331.8,97302.1,97313.4,0.00204473
2024-12-02 03:34:00,97313.3,97353.0,97313.3,97353.0,0.03570101
2024-12-02 03:35:00,97312.5,97330.9,97312.5,97330.9,0.00092914
2024-12-02 03:36:00,97308.8,97308.8,97307.4,97307.4,0.02355313
2024-12-02 03:37:00,97307.5,97307.5,97307.4,97307.4,0.01081537
2024-12-02 03:38:00,97307.5,97307.5,97307.5,97307.5,0.0002
2024-12-02 03:39:00,97307.4,97307.4,97292.5,97292.5,0.01152656
2024-12-02 03:40:00,97292.5,97292.5,97292.5,97292.5,0.00717189
2024-12-02 03:41:00,97292.5,97292.5,97292.5,97292.5,0.0
2024-12-02 03:42:00,97247.2,97247.2,97247.2,97247.2,0.02642706
2024-12-02 03:43:00,97247.1,97247.1,97020.5,97020.5,0.08120629
2024-12-02 03:44:00,97020.6,97020.6,97001.9,97001.9,0.01304596
2024-12-02 03:45:00,97041.5,97099.7,97041.5,97099.7,1.03500081
2024-12-02 03:46:00,97094.2,97094.2,97094.2,97094.2,0.0002
2024-12-02 03:47:00,97094.2,97094.2,97094.2,97094.2,0.0
2024-12-02 03:48:00,97107.1,97107.1,97080.1,97080.1,0.0004786
2024-12-02 03:49:00,97080.1,97080.1,97080.1,97080.1,0.0
2024-12-02 03:50:00,97045.9,97045.9,96920.0,96920.0,0.06867419
2024-12-02 03:51:00,96924.3,96924.3,96915.1,96915.1,0.008368
2024-12-02 03:52:00,96915.1,96915.1,96867.2,96867.2,0.01149954
2024-12-02 03:53:00,96867.2,96867.2,96669.1,96669.1,0.20644203
2024-12-02 03:54:00,96682.1,96682.1,96673.9,96673.9,0.0008428
2024-12-02 03:55:00,96674.1,96674.1,96640.0,96640.0,0.00766158
2024-12-02 03:56:00,96640.0,96640.0,96550.0,96550.0,0.06156877
2024-12-02 03:57:00,96550.0,96550.0,96440.0,96440.0,0.25616224
2024-12-02 03:58:00,96516.9,96516.9,96516.9,96516.9,0.13586351
2024-12-02 03:59:00,96558.0,96571.9,96539.5,96539.5,0.0243269
2024-12-02 04:00:00,96479.6,96577.9,96479.6,96545.8,0.23710802
2024-12-02 04:01:00,96545.8,96545.8,96545.8,96545.8,0.0
2024-12-02 04:02:00,96566.0,96577.5,96566.0,96577.5,0.0002748
2024-12-02 04:03:00,96626.9,96626.9,96575.8,96575.8,0.00080032
2024-12-02 04:04:00,96587.5,96587.5,96409.9,96425.1,0.30913583
2024-12-02 04:05:00,96477.0,96507.4,96413.6,96413.6,0.00532009
2024-12-02 04:06:00,96402.6,96402.6,96398.8,96398.8,0.28484317
2024-12-02 04:07:00,96393.0,96393.0,96223.0,96283.8,0.49919813
2024-12-02 04:08:00,96220.9,96268.8,96193.4,96268.0,0.04054369
2024-12-02 04:09:00,96234.3,96245.9,96217.0,96245.9,0.24668594
2024-12-02 04:10:00,96193.3,96193.3,96190.1,96190.1,0.00315374
2024-12-02 04:11:00,96190.0,96206.5,96177.1,96193.6,0.45610934
2024-12-02 04:12:00,96253.8,96255.2,96239.3,96255.2,0.05913764
2024-12-02 04:13:00,96228.5,96231.9,96228.5,96231.9,0.00098221
2024-12-02 04:14:00,96210.0,96210.1,96210.0,96210.1,0.10037311
2024-12-02 04:15:00,96172.8,96227.7,96172.8,96227.7,0.0043785
2024-12-02 04:16:00,96228.4,96231.4,96228.4,96231.4,0.03398302
2024-12-02 04:17:00,96335.9,96356.3,96305.5,96305.5,0.00590872
2024-12-02 04:18:00,96305.5,96305.5,96305.5,96305.5,0.0
2024-12-02 04:19:00,96305.5,96305.5,96305.5,96305.5,0.0
2024-12-02 04:20:00,96240.5,96240.5,96231.4,96231.4,0.06569593
2024-12-02 04:21:00,96231.4,96231.4,96196.2,96215.8,0.0395338
2024-12-02 04:22:00,96184.1,96184.1,96184.1,96184.1,0.0002
2024-12-02 04:23:00,96188.9,96188.9,96188.9,96188.9,0.00041775
2024-12-02 04:24:00,96305.4,96340.2,96305.4,96338.9,0.05179203
2024-12-02 04:25:00,96340.3,96397.5,96340.3,96384.7,0.13196314
2024-12-02 04:26:00,96380.4,96380.4,96380.4,96380.4,0.00060173
2024-12-02 04:27:00,96410.3,96416.5,96410.3,96416.5,0.0004
2024-12-02 04:28:00,96416.5,96419.9,96416.5,96419.9,0.0004
2024-12-02 04:29:00,96419.8,96454.7,96419.8,96454.7,0.00083941
2024-12-02 04:30:00,96449.7,96449.7,96419.6,96419.6,0.00671352
2024-12-02 04:31:00,96462.3,96509.0,96462.3,96509.0,0.00528098
2024-12-02 04:32:00,96526.8,96552.3,96526.8,96542.3,0.04130603
2024-12-02 04:33:00,96534.5,96534.5,96534.5,96534.5,0.00017312
2024-12-02 04:34:00,96557.7,96583.4,96557.6,96583.4,0.00083247
2024-12-02 04:35:00,96581.5,96603.4,96581.5,96603.4,0.26820875
2024-12-02 04:36:00,96619.6,96649.0,96619.6,96649.0,0.03520203
2024-12-02 04:37:00,96634.5,96673.9,96634.5,96673.9,0.04991112
2024-12-02 04:38:00,96673.9,96717.6,96673.9,96717.6,0.00366253
2024-12-02 04:39:00,96696.8,96696.8,96696.8,96696.8,0.005
2024-12-02 04:40:00,96717.7,96721.2,96717.7,96718.5,0.00121323
2024-12-02 04:41:00,96721.1,96746.2,96721.1,96746.2,0.03488792
2024-12-02 04:42:00,96726.4,96746.3,96726.4,96746.3,0.0003
2024-12-02 04:43:00,96763.9,96764.6,96763.8,96764.6,0.00071145
2024-12-02 04:44:00,96764.6,96766.3,96764.6,96766.3,0.00309846
2024-12-02 04:45:00,96743.1,96743.1,96743.1,96743.1,0.00414404
2024-12-02 04:46:00,96742.4,96742.4,96706.1,96706.1,0.0336127
2024-12-02 04:47:00,96661.2,96661.2,96661.2,96661.2,0.00049707
2024-12-02 04:48:00,96645.1,96645.1,96637.5,96637.6,0.0012
2024-12-02 04:49:00,96639.0,96639.0,96639.0,96639.0,0.00010028
2024-12-02 04:50:00,96637.7,96637.7,96637.7,96637.7,0.00692102
2024-12-02 04:51:00,96646.0,96646.0,96646.0,96646.0,0.02369145
2024-12-02 04:52:00,96645.9,96645.9,96645.9,96645.9,0.00036489
2024-12-02 04:53:00,96652.6,96652.6,96652.6,96652.6,0.00152901
2024-12-02 04:54:00,96652.6,96652.6,96588.0,96588.0,0.50259256
2024-12-02 04:55:00,96620.4,96620.4,96601.5,96601.5,0.50241856
2024-12-02 04:56:00,96709.2,96709.2,96709.2,96709.2,0.00518925
2024-12-02 04:57:00,96694.3,96694.3,96694.3,96694.3,0.00361859
2024-12-02 04:58:00,96694.3,96698.4,96694.3,96698.4,0.00208737
2024-12-02 04:59:00,96702.8,96702.9,96702.8,96702.9,0.01192408
2024-12-02 05:00:00,96703.0,96721.5,96696.0,96696.0,0.27179493
2024-12-02 05:01:00,96696.0,96696.0,96696.0,96696.0,0.0
2024-12-02 05:02:00,96696.9,96696.9,96681.5,96692.6,0.03017479
2024-12-02 05:03:00,96728.2,96728.2,96711.0,96711.0,0.1497827
2024-12-02 05:04:00,96727.1,96727.1,96727.0,96727.0,0.00945381
2024-12-02 05:05:00,96727.0,96727.0,96727.0,96727.0,0.0
2024-12-02 05:06:00,96771.3,96773.4,96771.3,96773.4,0.00297986
2024-12-02 05:07:00,96773.4,96846.7,96773.4,96846.7,0.00851307
2024-12-02 05:08:00,96846.8,96847.9,96846.8,96847.9,0.0002
2024-12-02 05:09:00,96846.8,96846.8,96846.8,96846.8,0.0001
2024-12-02 05:10:00,96856.8,96860.5,96856.8,96860.5,0.0005059
2024-12-02 05:11:00,96849.7,96849.7,96846.8,96846.8,0.00171391
2024-12-02 05:12:00,96861.3,96883.7,96861.3,96883.7,0.00196085
2024-12-02 05:13:00,96883.7,96883.7,96883.7,96883.7,0.0
2024-12-02 05:14:00,96883.7,96883.7,96883.7,96883.7,0.0
2024-12-02 05:15:00,96897.0,96897.0,96897.0,96897.0,0.00716699
2024-12-02 05:16:00,96882.0,96882.0,96882.0,96882.0,0.00025804
2024-12-02 05:17:00,96882.0,96882.0,96882.0,96882.0,0.0
2024-12-02 05:18:00,96882.0,96882.0,96882.0,96882.0,0.0
2024-12-02 05:19:00,96882.1,96897.0,96882.1,96897.0,0.01234488
2024-12-02 05:20:00,96882.1,96882.1,96882.1,96882.1,0.00012386
2024-12-02 05:21:00,96882.0,96882.0,96882.0,96882.0,0.00168279
2024-12-02 05:22:00,96846.7,96846.7,96846.7,96846.7,0.00061584
2024-12-02 05:23:00,96846.8,96846.8,96846.8,96846.8,0.0002
2024-12-02 05:24:00,96881.8,96881.8,96881.8,96881.8,0.01031311
2024-12-02 05:25:00,96846.7,96846.7,96778.9,96778.9,0.04252412
2024-12-02 05:26:00,96773.3,96773.3,96753.1,96753.1,0.025
2024-12-02 05:27:00,96748.3,96748.3,96748.3,96748.3,0.00264862
2024-12-02 05:28:00,96703.8,96705.0,96703.8,96705.0,0.00283584
2024-12-02 05:29:00,96705.0,96705.0,96705.0,96705.0,0.0
2024-12-02 05:30:00,96701.3,96701.3,96674.6,96674.6,0.01886803
2024-12-02 05:31:00,96701.1,96701.1,96677.9,96677.9,0.07387313
2024-12-02 05:32:00,96674.2,96674.4,96674.2,96674.4,0.00094248
2024-12-02 05:33:00,96674.4,96674.4,96674.4,96674.4,0.0
2024-12-02 05:34:00,96629.4,96656.8,96616.8,96656.8,0.00745363
2024-12-02 05:35:00,96656.8,96656.8,96656.8,96656.8,0.0
2024-12-02 05:36:00,96582.3,96593.6,96569.9,96593.5,0.07812978
2024-12-02 05:37:00,96594.9,96648.3,96576.9,96638.9,0.36857433
2024-12-02 05:38:00,96638.9,96638.9,96638.9,96638.9,0.0
2024-12-02 05:39:00,96660.3,96677.0,96660.3,96677.0,0.00211005
2024-12-02 05:40:00,96609.3,96609.3,96602.3,96602.3,0.01904557
2024-12-02 05:41:00,96602.3,96602.3,96602.3,96602.3,0.0
2024-12-02 05:42:00,96623.6,96623.6,96578.3,96578.3,0.01284791
2024-12-02 05:43:00,96557.6,96557.6,96510.4,96523.4,0.0033794
2024-12-02 05:44:00,96524.6,96526.1,96510.3,96526.1,0.00528259
2024-12-02 05:45:00,96548.4,96548.4,96503.6,96503.6,0.00383169
2024-12-02 05:46:00,96503.5,96503.5,96503.5,96503.5,7.15e-05
2024-12-02 05:47:00,96474.5,96500.7,96469.6,96500.7,0.00511086
2024-12-02 05:48:00,96492.4,96500.7,96490.1,96500.7,0.00080769
2024-12-02 05:49:00,96500.7,96500.7,96500.7,96500.7,0.0
2024-12-02 05:50:00,96480.7,96480.7,96466.6,96466.7,0.0037416
2024-12-02 05:51:00,96427.6,96444.8,96427.6,96444.8,0.00586456
2024-12-02 05:52:00,96425.8,96425.9,96425.8,96425.9,0.14731637
2024-12-02 05:53:00,96387.5,96387.7,96375.2,96382.0,0.00492236
2024-12-02 05:54:00,96375.6,96375.6,96372.5,96372.5,0.01236726
2024-12-02 05:55:00,96372.0,96372.0,96354.3,96354.3,0.00133858
2024-12-02 05:56:00,96390.1,96390.1,96390.1,96390.1,0.001409
2024-12-02 05:57:00,96408.7,96408.9,96408.7,96408.9,0.00085605
2024-12-02 05:58:00,96396.5,96396.5,96396.4,96396.4,0.02
2024-12-02 05:59:00,96367.2,96367.2,96363.5,96363.6,0.00317081
2024-12-02 06:00:00,96375.4,96375.4,96320.8,96320.8,0.03089146
2024-12-02 06:01:00,96320.8,96320.8,96320.8,96320.8,0.0
